{
    "apitodoboard" : {
        "lanes": [
            {
                "id": 1,
                "title": "Todo",
                "cards": [
                    {
                        "id": 2,
                        "title":"Test Sidebar",
                        "date":"24/7/20",
                        "priority":"Argent",
                        "img":"user/3.jpg",
                        "company":"Themeforest, australia",
                        "rate":"+5",
                        "customer_img1":"user/3.jpg",
                        "customer_img2":"user/1.jpg",
                        "customer_img3":"user/5.jpg"
                    },
                    {
                        "id": 3,
                        "title":"Test Sidebar",
                        "date":"24/7/20",    
                        "priority":"Argent",
                        "img":"user/3.jpg",
                        "company":"Pixelstrap, New york",
                        "rate":"+5",
                        "customer_img1":"user/3.jpg",
                        "customer_img2":"user/1.jpg",
                        "customer_img3":"user/5.jpg"
                    }
                ]
            },
            {
                "id": 4,
                "title": "Working",
                "cards": [
                    {
                        "id": 5,
                        "title":"Test Sidebar",
                        "date":"24/7/20",
                        "priority":"Argent",
                        "backgroundImg":"other-images/maintenance-bg.jpg",
                        "img":"user/3.jpg",
                        "company":"Themeforest, australia",
                        "rate":"+5",
                        "customer_img1":"user/3.jpg",
                        "customer_img2":"user/1.jpg",
                        "customer_img3":"user/5.jpg"
                    },
                    {
                        "id": 6,
                        "title":"Test Sidebar",
                        "date":"24/7/20",    
                        "priority":"Argent",
                        "img":"user/3.jpg",
                        "company":"Pixelstrap, New york",
                        "rate":"+5",
                        "customer_img1":"user/3.jpg",
                        "customer_img2":"user/1.jpg",
                        "customer_img3":"user/5.jpg"
                    }
                ]
            },
            {
                "id": 7,
                "title": "Done",
                "cards": [
                    {
                        "id": 8,
                        "title":"Test Sidebar",
                        "date":"24/7/20",
                        "priority":"Argent",
                        "img":"user/3.jpg",
                        "company":"Themeforest, australia",
                        "rate":"+5",
                        "customer_img1":"user/3.jpg",
                        "customer_img2":"user/1.jpg",
                        "customer_img3":"user/5.jpg"
                    },
                    {
                        "id": 9,
                        "title":"Test Sidebar",
                        "date":"24/7/20",    
                        "priority":"Argent",
                        "img":"user/3.jpg",
                        "company":"Pixelstrap, New york",
                        "rate":"+5",
                        "customer_img1":"user/3.jpg",
                        "customer_img2":"user/1.jpg",
                        "customer_img3":"user/5.jpg"
                    }
                ]
            }
        ]
    }
}