{
    "auth0" : {
        "domain": "Your Auth Domain",
        "clientID": "Your clientId",
        "redirectUri": "Your callback URL"
    },
    "firebase" : {
        "apiKey": "Your Firebase API",
        "authDomain":"Your Firebase AuthDomain",
        "databaseURL": "Your Firebase Database URL",
        "projectId": "Your Firebase ProjectID",
        "storageBucket": "Your Firebase StorageBucket Id",
        "messagingSenderId": "Your Firebase SenderId",
        "appId":"Your Firebase APP Id"
    },
    "jwt_token" : "eyJhbGciOiJIUzI1NiIsInR5cCI6IkpXVCJ9.eyJ1c2VybmFtZSI6IkpvaG4iLCJwYXNzd29yZCI6IjEyMzQ1NiJ9.vPN0PhthyTuf9l3912NksmpzHXvWjZ7Nywhe22GK2zI"
}

